"Service Request Description","Department","Method Received","Created Date","Block/Address","Street","Ward","Sub-Type"
"Dirty Yard","Bylaw Enforcement","Phone","FEB 27, 2020 04:17:08 PM","8##","LOUIS","WARD 4"," "
"Dirty Yard","Bylaw Enforcement","Phone","FEB 19, 2020 10:53:46 AM","40##","LONGFELLOW","WARD 1"," "
"Dirty Yard","Bylaw Enforcement","Phone","FEB 27, 2020 10:54:36 AM","10##","ASSUMPTION","WARD 4"," "
"Dirty Yard","Bylaw Enforcement","Phone","FEB 27, 2020 11:21:42 AM","45##","UNICORN","WARD 9"," "
"Dirty Yard","Bylaw Enforcement","Phone","JAN 31, 2020 02:08:59 PM","994##","ASSUMPTION","WARD 4"," "
"Dirty Yard","Bylaw Enforcement","Phone","JAN 31, 2020 02:51:33 PM","6##","WELLINGTON","WARD 3"," "
"Dirty Yard","Bylaw Enforcement","Web Intake","FEB 03, 2020 09:56:04 AM"," "," ","WARD 7"," "
"Dirty Yard","Bylaw Enforcement","Phone","JAN 02, 2020 02:16:20 PM","10##","LAUZON","WARD 6"," "
"Dirty Yard","Bylaw Enforcement","Web Intake","JAN 31, 2020 08:17:16 AM"," "," ","WARD 5"," "
"Dirty Yard","Bylaw Enforcement","Phone","JAN 31, 2020 09:28:10 AM","27##","CHANDLER","WARD 5"," "
"Dirty Yard","Bylaw Enforcement","Phone","JAN 31, 2020 10:41:50 AM","6##","BRUCE","WARD 3"," "
"Dirty Yard","Bylaw Enforcement","Phone","JAN 31, 2020 10:27:23 AM","15##","HOWARD","WARD 3"," "
"Dirty Yard","Bylaw Enforcement","Phone","JAN 27, 2020 09:33:54 AM","3##","ELLIS","WARD 3"," "
"Dirty Yard","Bylaw Enforcement","Phone","JAN 28, 2020 03:26:58 PM","11##","CALIFORNIA","WARD 2"," "
"Dirty Yard","Bylaw Enforcement","Phone","JAN 30, 2020 02:53:02 PM","15##","HOWARD","WARD 3"," "
"Dirty Yard","Bylaw Enforcement","Phone","JAN 30, 2020 10:56:47 AM","33##","ST PATRICK'S","WARD 1"," "
"Dirty Yard","Bylaw Enforcement","Web Intake","FEB 05, 2020 02:59:29 PM"," "," ","WARD 3"," "
"Dirty Yard","Bylaw Enforcement","Web Intake","FEB 05, 2020 07:31:04 PM"," "," ","WARD 4"," "
"Dirty Yard","Bylaw Enforcement","E-Mail","MAR 11, 2020 09:31:54 AM","2##","CAMERON","WARD 2"," "
"Dirty Yard","Bylaw Enforcement","Web Intake","JAN 17, 2020 10:01:36 AM"," "," ","WARD 5"," "
"Dirty Yard","Bylaw Enforcement","Phone","APR 23, 2020 03:39:15 PM"," ","TRANBY AVE & BELLE ISLE VIEW BLVD","WARD 6"," "
"Dirty Yard","Bylaw Enforcement","Web Intake","MAR 11, 2020 01:12:35 PM"," "," ","WARD 5"," "
"Dirty Yard","Bylaw Enforcement","Phone","FEB 06, 2020 02:36:17 PM","86##","WYANDOTTE","WARD 6"," "
"Dirty Yard","Bylaw Enforcement","Phone","MAR 20, 2020 10:38:10 AM","6##","VICTORIA","WARD 3"," "
"Dirty Yard","Bylaw Enforcement","Phone","MAR 20, 2020 10:41:02 AM","6##","VICTORIA","WARD 3"," "
"Dirty Yard","Bylaw Enforcement","Text","MAR 20, 2020 11:38:28 AM","9##","RANKIN","WARD 2"," "
"Dirty Yard","Bylaw Enforcement","E-Mail","MAR 11, 2020 09:34:27 AM","35##","KING","WARD 2"," "
"Dirty Yard","Bylaw Enforcement","Phone","MAR 11, 2020 02:19:37 PM","12##","MCEWAN","WARD 2"," "
"Dirty Yard","Bylaw Enforcement","Phone","FEB 13, 2020 03:57:00 PM","7##","KILDARE","WARD 4"," "
"Dirty Yard","Bylaw Enforcement","Phone","FEB 14, 2020 03:01:16 PM","9##","ELM","WARD 3"," "
"Dirty Yard","Bylaw Enforcement","Phone","FEB 14, 2020 04:44:05 PM","25##","ALEXIS","WARD 5"," "
"Dirty Yard","Bylaw Enforcement","Phone","FEB 18, 2020 11:15:00 AM","4##","GILES","WARD 3"," "
"Dirty Yard","Bylaw Enforcement","Phone","MAR 20, 2020 09:12:39 AM","16##","HALL","WARD 4"," "
"Dirty Yard","Bylaw Enforcement","Phone","MAR 20, 2020 09:58:12 AM","12##","ARNCLIFFE","WARD 6"," "
"Dirty Yard","Bylaw Enforcement","Phone","MAR 20, 2020 10:00:23 AM","7##","CARON","WARD 3"," "
"Dirty Yard","Bylaw Enforcement","Web Intake","FEB 02, 2020 02:02:44 PM"," "," ","WARD 2"," "
"Dirty Yard","Bylaw Enforcement","Phone","FEB 12, 2020 10:04:14 AM","5##","CAMERON","WARD 2"," "
"Dirty Yard","Bylaw Enforcement","Phone","FEB 18, 2020 11:16:39 AM","11##","HOWARD","WARD 3"," "
"Dirty Yard","Bylaw Enforcement","Phone","FEB 18, 2020 11:54:36 AM","22##","HOWARD","WARD 4"," "
"Dirty Yard","Bylaw Enforcement","Phone","FEB 18, 2020 12:37:43 PM","10##","DROUILLARD","WARD 5"," "
"Dirty Yard","Bylaw Enforcement","Phone","FEB 18, 2020 12:38:12 PM","10##","DROUILLARD","WARD 5"," "
"Dirty Yard","Bylaw Enforcement","Phone","JAN 30, 2020 01:54:39 PM","23##","LOUIS","WARD 4"," "
"Dirty Yard","Bylaw Enforcement","Phone","JAN 31, 2020 11:14:19 AM","23##","PRINCESS","WARD 8"," "
"Dirty Yard","Bylaw Enforcement","Phone","JAN 31, 2020 11:39:16 AM","13##","VIRGINIA","WARD 6"," "
"Dirty Yard","Bylaw Enforcement","Phone","JAN 31, 2020 01:14:45 PM","4##","LINCOLN","WARD 4"," "
"Dirty Yard","Bylaw Enforcement","E-Mail","MAR 06, 2020 09:45:19 AM","21##","WYANDOTTE","WARD 2"," "
"Dirty Yard","Bylaw Enforcement","Phone","MAR 09, 2020 11:06:16 AM","10##","DROUILLARD","WARD 5"," "
"Dirty Yard","Bylaw Enforcement","Phone","MAR 09, 2020 11:59:51 AM","2##","STRABANE","WARD 5"," "
"Dirty Yard","Bylaw Enforcement","Phone","MAR 09, 2020 12:18:13 PM","55##","EMPRESS","WARD 8"," "
"Dirty Yard","Bylaw Enforcement","Phone","MAR 10, 2020 10:14:49 AM","8##","ELLIOTT","WARD 4"," "
"Dirty Yard","Bylaw Enforcement","Phone","MAR 10, 2020 10:14:55 AM","8##","ELLIOTT","WARD 4"," "
"Dirty Yard","Bylaw Enforcement","Phone","MAR 10, 2020 12:11:05 PM","6##","GLADSTONE","WARD 4"," "
"Dirty Yard","Bylaw Enforcement","Phone","MAR 10, 2020 12:33:56 PM","5##","LOUIS","WARD 4"," "
"Dirty Yard","Bylaw Enforcement","Phone","MAR 05, 2020 01:56:53 PM","17##","DAYTONA","WARD 10"," "
"Dirty Yard","Bylaw Enforcement","Phone","MAR 09, 2020 01:42:38 PM","19##","WESTMINSTER","WARD 8"," "
"Dirty Yard","Bylaw Enforcement","Phone","MAR 09, 2020 01:45:38 PM","10##","LINCOLN","WARD 4"," "
"Dirty Yard","Bylaw Enforcement","Phone","MAR 09, 2020 04:05:52 PM","24##","CHILVER","WARD 4"," "
"Dirty Yard","Bylaw Enforcement","Phone","MAR 10, 2020 09:32:38 AM","25##","DANDURAND","WARD 10"," "
"Dirty Yard","Bylaw Enforcement","Phone","MAR 09, 2020 01:42:23 PM","10##","LINCOLN","WARD 4"," "
"Dirty Yard","Bylaw Enforcement","Phone","JAN 07, 2020 12:50:47 PM","16##","MARK","WARD 10"," "
"Dirty Yard","Bylaw Enforcement","E-Mail","MAR 06, 2020 09:43:02 AM","5##","RANDOLPH","WARD 2"," "
"Dirty Yard","Bylaw Enforcement","Phone","MAR 02, 2020 03:38:26 PM","5##","CHATHAM","WARD 3"," "
"Dirty Yard","Bylaw Enforcement","Phone","MAR 05, 2020 02:09:07 PM","1##","OUELLETTE","WARD 3"," "
"Dirty Yard","Bylaw Enforcement","Phone","MAR 06, 2020 09:08:55 AM","4##","RANKIN","WARD 2"," "
"Dirty Yard","Bylaw Enforcement","Phone","JAN 08, 2020 11:48:54 AM","24##","BUCKINGHAM","WARD 8"," "
"Dirty Yard","Bylaw Enforcement","Web Intake","JAN 17, 2020 10:03:02 AM"," "," ","WARD 5"," "
"Dirty Yard","Bylaw Enforcement","Web Intake","JAN 17, 2020 10:00:13 AM"," "," ","WARD 5"," "
"Dirty Yard","Bylaw Enforcement","Phone","JAN 20, 2020 02:57:53 PM","16##","CADILLAC","WARD 5"," "
"Dirty Yard","Bylaw Enforcement","Phone","JAN 22, 2020 10:46:50 AM","9##","ALBERT","WARD 5"," "
"Dirty Yard","Bylaw Enforcement","Phone","MAR 17, 2020 02:13:31 PM","17##","DAYTONA","WARD 10"," "
"Dirty Yard","Bylaw Enforcement","Phone","JAN 07, 2020 02:42:28 PM","13##","GOYEAU","WARD 3"," "
"Dirty Yard","Bylaw Enforcement","Phone","JAN 07, 2020 03:03:12 PM","13##","LANGLOIS","WARD 4"," "
"Dirty Yard","Bylaw Enforcement","E-Mail","JAN 08, 2020 09:42:23 AM","5##","BRUCE","WARD 3"," "
"Dirty Yard","Bylaw Enforcement","Phone","JAN 08, 2020 11:38:18 AM","6##","TECUMSEH","WARD 4"," "
"Dirty Yard","Bylaw Enforcement","Phone","JAN 10, 2020 08:47:44 AM","13##","ALBERT","WARD 5"," "
"Dirty Yard","Bylaw Enforcement","Phone","JAN 10, 2020 09:28:58 AM","22##","HOWARD","WARD 4"," "
"Dirty Yard","Bylaw Enforcement","Phone","JAN 10, 2020 09:56:18 AM","22##","CHANDLER","WARD 5"," "
"Dirty Yard","Bylaw Enforcement","Phone","JAN 10, 2020 10:06:29 AM","7##","GILES","WARD 4"," "
"Dirty Yard","Bylaw Enforcement","Phone","JAN 06, 2020 08:48:57 AM","19##","TOURANGEAU","WARD 5"," "
"Dirty Yard","Bylaw Enforcement","E-Mail","JAN 06, 2020 10:17:54 AM","7##","CAMPBELL","WARD 2"," "
"Dirty Yard","Bylaw Enforcement","Phone","JAN 06, 2020 12:29:16 PM","14##","GROVE","WARD 2"," "
"Dirty Yard","Bylaw Enforcement","Phone","JAN 07, 2020 08:56:53 AM","2##","RANKIN","WARD 2"," "
"Dirty Yard","Bylaw Enforcement","Web Intake","JAN 07, 2020 01:49:27 PM"," "," ","WARD 8"," "
"Dirty Yard","Bylaw Enforcement","Web Intake","MAR 02, 2020 05:57:14 PM"," "," ","WARD 4"," "
"Dirty Yard","Bylaw Enforcement","Phone","MAR 03, 2020 09:56:35 AM","17##","TECUMSEH","WARD 2"," "
"Dirty Yard","Bylaw Enforcement","Phone","MAR 03, 2020 11:27:52 AM","3##","ELLIOTT","WARD 3"," "
"Dirty Yard","Bylaw Enforcement","Phone","MAR 03, 2020 02:45:29 PM","9##","ALBERT","WARD 5"," "
"Dirty Yard","Bylaw Enforcement","Phone","MAR 03, 2020 04:30:30 PM","2##","GILES","WARD 3"," "
"Dirty Yard","Bylaw Enforcement","Phone","MAR 03, 2020 04:36:00 PM","989##","MCDOUGALL","WARD 3"," "
"Dirty Yard","Bylaw Enforcement","Phone","JAN 07, 2020 11:31:21 AM","28##","LIONEL","WARD 10"," "
"Dirty Yard","Bylaw Enforcement","Phone","JAN 06, 2020 09:57:50 AM","12##","LAURENDEAU","WARD 5"," "
"Dirty Yard","Bylaw Enforcement","Phone","APR 30, 2020 02:33:41 PM","24##","MCDOUGALL","WARD 10"," "
"Dirty Yard","Bylaw Enforcement","Phone","MAR 02, 2020 09:19:46 AM","6##","VANIER","WARD 10"," "
"Dirty Yard","Bylaw Enforcement","Phone","FEB 24, 2020 10:15:48 AM","4##","HALL","WARD 4"," "
"Dirty Yard","Bylaw Enforcement","Phone","FEB 10, 2020 12:23:01 PM","30##","PETER","WARD 2"," "
"Dirty Yard","Bylaw Enforcement","Phone","FEB 10, 2020 02:14:45 PM","10##","CAMPBELL","WARD 2"," "
"Dirty Yard","Bylaw Enforcement","Phone","MAR 02, 2020 10:52:02 AM","23##","MELDRUM","WARD 5"," "
"Dirty Yard","Bylaw Enforcement","Phone","JAN 13, 2020 02:12:14 PM","27##","JOS ST LOUIS","WARD 8"," "
"Dirty Yard","Bylaw Enforcement","Phone","JAN 13, 2020 02:31:45 PM","3##","LANGLOIS","WARD 4"," "
"Dirty Yard","Bylaw Enforcement","Phone","JAN 13, 2020 02:32:22 PM","3##","LANGLOIS","WARD 4"," "
"Dirty Yard","Bylaw Enforcement","Phone","JAN 13, 2020 03:43:09 PM","16##","DOUGALL","WARD 3"," "
"Dirty Yard","Bylaw Enforcement","Phone","FEB 03, 2020 12:06:30 PM","12##","ERIE","WARD 4"," "
"Dirty Yard","Bylaw Enforcement","Web Intake","FEB 03, 2020 09:57:09 AM"," "," ","WARD 7"," "
"Dirty Yard","Bylaw Enforcement","Phone","FEB 03, 2020 12:11:13 PM","6##","GOYEAU","WARD 3"," "
"Dirty Yard","Bylaw Enforcement","Phone","FEB 11, 2020 01:23:39 PM","19##","ELLROSE","WARD 5"," "
"Dirty Yard","Bylaw Enforcement","Phone","FEB 11, 2020 04:32:26 PM","25##","ELLROSE","WARD 5"," "
"Dirty Yard","Bylaw Enforcement","Web Intake","FEB 12, 2020 02:05:22 PM"," "," ","WARD 5"," "
"Dirty Yard","Bylaw Enforcement","E-Mail","FEB 13, 2020 01:16:14 PM","20##","COLLEGE","WARD 2"," "
"Dirty Yard","Bylaw Enforcement","Web Intake","JAN 08, 2020 12:24:31 PM"," "," ","WARD 2"," "
"Dirty Yard","Bylaw Enforcement","Phone","JAN 10, 2020 11:01:04 AM","10##","CATARAQUI","WARD 4"," "
"Dirty Yard","Bylaw Enforcement","Phone","JAN 10, 2020 11:02:44 AM","10##","WIGLE","WARD 2"," "
"Dirty Yard","Bylaw Enforcement","Phone","JAN 10, 2020 11:05:31 AM","10##","WIGLE","WARD 2"," "
"Dirty Yard","Bylaw Enforcement","Phone","JAN 10, 2020 11:55:31 AM","6##","STANLEY","WARD 10"," "
"Dirty Yard","Bylaw Enforcement","Phone","JAN 13, 2020 12:54:04 PM","33##","MARENTETTE","WARD 9"," "
"Dirty Yard","Bylaw Enforcement","Phone","JAN 09, 2020 12:13:18 PM","16##","MARTINDALE","WARD 2"," "
"Dirty Yard","Bylaw Enforcement","Phone","JAN 09, 2020 02:57:23 PM","2##","MILL","WARD 2"," "
"Dirty Yard","Bylaw Enforcement","Phone","JAN 10, 2020 08:28:02 AM","12##","MOY","WARD 4"," "
"Dirty Yard","Bylaw Enforcement","Phone","MAR 09, 2020 10:49:02 AM","9##","WATSON","WARD 6"," "
"Dirty Yard","Bylaw Enforcement","Phone","MAR 09, 2020 11:19:57 AM","22##","HOWARD","WARD 3"," "
"Dirty Yard","Bylaw Enforcement","Phone","MAR 09, 2020 04:34:52 PM","2##","THOMPSON","WARD 6"," "
"Dirty Yard","Bylaw Enforcement","Phone","MAR 10, 2020 11:19:19 AM","23##","HIGHLAND","WARD 3"," "
"Dirty Yard","Bylaw Enforcement","Phone","JAN 27, 2020 09:33:38 AM","3##","ELLIS","WARD 3"," "
"Dirty Yard","Bylaw Enforcement","Phone","JAN 03, 2020 09:02:27 AM","19##","LONGFELLOW","WARD 10"," "
"Dirty Yard","Bylaw Enforcement","Phone","JAN 20, 2020 09:40:47 AM","5##","JANETTE","WARD 3"," "
"Dirty Yard","Bylaw Enforcement","Phone","FEB 11, 2020 09:24:00 AM","82##","GREGORY","WARD 6"," "
"Dirty Yard","Bylaw Enforcement","Phone","FEB 11, 2020 12:17:17 PM","8##","LANGLOIS","WARD 4"," "
"Dirty Yard","Bylaw Enforcement","E-Mail","MAR 05, 2020 08:51:41 AM","11##","PARENT","WARD 4"," "
"Dirty Yard","Bylaw Enforcement","Phone","MAR 05, 2020 01:56:43 PM","17##","DAYTONA","WARD 10"," "
"Dirty Yard","Bylaw Enforcement","Phone","MAR 10, 2020 12:59:52 PM","9##","VICTORIA","WARD 3"," "
"Dirty Yard","Bylaw Enforcement","Phone","MAR 09, 2020 12:01:04 PM","12##","GILES","WARD 4"," "
"Dirty Yard","Bylaw Enforcement","Phone","JAN 14, 2020 03:16:21 PM","10##","ALBERT","WARD 5"," "
"Dirty Yard","Bylaw Enforcement","Phone","JAN 14, 2020 04:52:51 PM","23##","MELDRUM","WARD 5"," "
"Dirty Yard","Bylaw Enforcement","Phone","JAN 16, 2020 08:55:26 AM","31##","RIVERSIDE","WARD 5"," "
"Dirty Yard","Bylaw Enforcement","E-Mail","JAN 23, 2020 11:55:34 AM","17##","DAYTONA","WARD 10"," "
"Dirty Yard","Bylaw Enforcement","Phone","JAN 16, 2020 09:09:27 AM","15##","FOSTER","WARD 9"," "
"Dirty Yard","Bylaw Enforcement","Phone","FEB 05, 2020 04:33:16 PM","2##","JOSEPHINE","WARD 2"," "
"Dirty Yard","Bylaw Enforcement","Phone","FEB 05, 2020 04:37:41 PM","2##","JOSEPHINE","WARD 2"," "
"Dirty Yard","Bylaw Enforcement","Phone","FEB 06, 2020 01:51:29 PM","11##","ELM","WARD 3"," "
"Dirty Yard","Bylaw Enforcement","Phone","FEB 10, 2020 03:58:45 PM","7##","GOYEAU","WARD 3"," "
"Dirty Yard","Bylaw Enforcement","Web Intake","FEB 10, 2020 03:58:53 PM"," "," ","WARD 3"," "
"Dirty Yard","Bylaw Enforcement","Phone","JAN 06, 2020 03:44:48 PM","84##","DARLINGTON","WARD 6"," "
"Dirty Yard","Bylaw Enforcement","Phone","MAR 05, 2020 02:09:01 PM","5##","DOUGALL","WARD 3"," "
"Dirty Yard","Bylaw Enforcement","Phone","MAR 05, 2020 04:25:14 PM","30##","ERINDALE","WARD 9"," "
"Dirty Yard","Bylaw Enforcement","Text","MAR 06, 2020 09:08:51 AM","4##","RANKIN","WARD 2"," "
"Dirty Yard","Bylaw Enforcement","E-Mail","MAR 09, 2020 10:02:06 AM","12##","GILES","WARD 4"," "
"Dirty Yard","Bylaw Enforcement","E-Mail","JAN 16, 2020 11:39:00 AM","16##","HOWARD","WARD 3"," "
"Dirty Yard","Bylaw Enforcement","Phone","MAR 10, 2020 02:56:32 PM","12##","HOWARD","WARD 4"," "
"Dirty Yard","Bylaw Enforcement","Phone","MAR 11, 2020 09:36:04 AM","13##","ELSMERE","WARD 4"," "
"Dirty Yard","Bylaw Enforcement","Phone","MAR 11, 2020 09:38:15 AM","13##","ELSMERE","WARD 4"," "
"Dirty Yard","Bylaw Enforcement","Phone","JAN 23, 2020 09:59:48 AM","10##","LANGLOIS","WARD 4"," "
"Dirty Yard","Bylaw Enforcement","E-Mail","JAN 10, 2020 12:13:58 PM","3##","MCEWAN","WARD 2"," "
"Dirty Yard","Bylaw Enforcement","Web Intake","JAN 12, 2020 02:10:42 AM"," "," ","WARD 2"," "
"Dirty Yard","Bylaw Enforcement","Phone","JAN 13, 2020 09:03:47 AM","32##","LONGFELLOW","WARD 1"," "
"Dirty Yard","Bylaw Enforcement","Phone","JAN 13, 2020 01:21:45 PM","6##","NORTH TALBOT","WARD 1"," "
"Dirty Yard","Bylaw Enforcement","Phone","MAR 12, 2020 03:12:18 PM","4##","MILL","WARD 2"," "
"Dirty Yard","Bylaw Enforcement","Phone","FEB 12, 2020 10:01:07 AM","11##","GEORGE","WARD 5"," "
"Dirty Yard","Bylaw Enforcement","Phone","FEB 12, 2020 10:02:01 AM","9##","ELM","WARD 3"," "
"Dirty Yard","Bylaw Enforcement","Phone","FEB 12, 2020 01:32:58 PM","6##","GOYEAU","WARD 3"," "
"Dirty Yard","Bylaw Enforcement","E-Mail","FEB 12, 2020 11:06:19 AM","11##","PARENT","WARD 4"," "
"Dirty Yard","Bylaw Enforcement","Phone","JAN 06, 2020 08:44:28 AM","12##","CAMPBELL","WARD 2"," "
"Dirty Yard","Bylaw Enforcement","Phone","JAN 14, 2020 08:05:36 AM","7##","JANETTE","WARD 3"," "
"Dirty Yard","Bylaw Enforcement","Phone","JAN 14, 2020 09:20:31 AM","5##","ELLIOTT","WARD 4"," "
"Dirty Yard","Bylaw Enforcement","Phone","JAN 14, 2020 10:34:48 AM","37##","HOWARD","WARD 9"," "
"Dirty Yard","Bylaw Enforcement","Phone","JAN 14, 2020 10:35:10 AM","36##","HOWARD","WARD 9"," "
"Dirty Yard","Bylaw Enforcement","Phone","JAN 29, 2020 02:38:39 PM","7##","CARON","WARD 3"," "
"Dirty Yard","Bylaw Enforcement","Phone","JAN 30, 2020 08:17:22 AM","966##","ARMANDA","WARD 1"," "
"Dirty Yard","Bylaw Enforcement","Phone","JAN 30, 2020 11:03:06 AM","10##","HENRY FORD CENTRE","WARD 5"," "
"Dirty Yard","Bylaw Enforcement","Phone","JAN 13, 2020 09:25:16 AM","20##","WYANDOTTE","WARD 2"," "
"Dirty Yard","Bylaw Enforcement","Phone","JAN 13, 2020 01:27:45 PM","985##","NORMAN","WARD 8"," "
"Dirty Yard","Bylaw Enforcement","Web Intake","JAN 10, 2020 04:25:17 PM"," "," ","WARD 3"," "
"Dirty Yard","Bylaw Enforcement","Phone","FEB 24, 2020 08:13:43 AM","3##","CHILVER","WARD 4"," "
"Dirty Yard","Bylaw Enforcement","Phone","FEB 24, 2020 11:33:49 AM","13##","ASSUMPTION","WARD 4"," "
"Dirty Yard","Bylaw Enforcement","Phone","FEB 25, 2020 03:16:12 PM","35##","WALKER","WARD 9"," "
"Dirty Yard","Bylaw Enforcement","Phone","FEB 26, 2020 01:20:28 PM","34##","MARENTETTE","WARD 9"," "
"Dirty Yard","Bylaw Enforcement","Phone","FEB 26, 2020 01:23:57 PM","34##","MARENTETTE","WARD 9"," "
"Dirty Yard","Bylaw Enforcement","Phone","MAR 02, 2020 01:44:40 PM","13##","WYANDOTTE","WARD 2"," "
"Dirty Yard","Bylaw Enforcement","Phone","MAR 02, 2020 04:10:18 PM","33##","HOWARD","WARD 9"," "
"Dirty Yard","Bylaw Enforcement","Phone","MAR 03, 2020 11:53:46 AM","4##","HALL","WARD 4"," "
"Dirty Yard","Bylaw Enforcement","Phone","MAR 03, 2020 01:02:08 PM","7##","ST ANTOINE","WARD 2"," "
"Dirty Yard","Bylaw Enforcement","Phone","JAN 02, 2020 10:12:46 AM","27##","CHANDLER","WARD 5"," "
"Dirty Yard","Bylaw Enforcement","Phone","JAN 03, 2020 08:18:13 AM","12##","DOUGALL","WARD 3"," "
"Dirty Yard","Bylaw Enforcement","Web Intake","JAN 03, 2020 05:12:59 PM"," "," ","WARD 3"," "
"Dirty Yard","Bylaw Enforcement","Phone","JAN 06, 2020 08:54:49 AM","5##","DOUGALL","WARD 3"," "
"Dirty Yard","Bylaw Enforcement","Phone","APR 06, 2020 03:33:18 PM","6##","HALL","WARD 4"," "
"Dirty Yard","Bylaw Enforcement","Phone","JAN 14, 2020 04:32:02 PM","8##","GLIDDEN","WARD 6"," "
"Dirty Yard","Bylaw Enforcement","Phone","JAN 14, 2020 04:02:15 PM","15##","HOWARD","WARD 3"," "
"Dirty Yard","Bylaw Enforcement","Phone","JAN 14, 2020 04:29:35 PM","10##","LOUIS","WARD 4"," "
"Dirty Yard","Bylaw Enforcement","Phone","JAN 15, 2020 09:47:04 AM","7##","CARON","WARD 3"," "
"Dirty Yard","Bylaw Enforcement","Phone","JAN 15, 2020 10:54:51 AM","7##","CHURCH","WARD 3"," "
"Dirty Yard","Bylaw Enforcement","Phone","JAN 15, 2020 10:55:05 AM","7##","CHURCH","WARD 3"," "
"Dirty Yard","Bylaw Enforcement","Phone","FEB 21, 2020 12:47:45 PM","27##","SCARSDALE","WARD 7"," "
"Dirty Yard","Bylaw Enforcement","Phone","FEB 24, 2020 08:11:50 AM","4##","HALL","WARD 4"," "
"Dirty Yard","Bylaw Enforcement","Phone","FEB 24, 2020 11:59:28 AM","8##","GRAND MARAIS","WARD 1"," "
"Dirty Yard","Bylaw Enforcement","Phone","FEB 24, 2020 03:00:40 PM","23##","MELDRUM","WARD 5"," "
"Dirty Yard","Bylaw Enforcement","Phone","FEB 27, 2020 11:48:32 AM","54##","JOINVILLE","WARD 8"," "
"Dirty Yard","Bylaw Enforcement","Phone","MAR 02, 2020 02:39:40 PM","24##","ST PATRICK'S","WARD 10"," "
"Dirty Yard","Bylaw Enforcement","E-Mail","MAR 04, 2020 12:16:58 PM","11##","LINCOLN","WARD 4"," "
"Dirty Yard","Bylaw Enforcement","Phone","MAR 04, 2020 01:50:04 PM","29##","GRANDVIEW","WARD 8"," "
"Dirty Yard","Bylaw Enforcement","Phone","MAR 04, 2020 02:53:29 PM","14##","GLADSTONE","WARD 4"," "
"Dirty Yard","Bylaw Enforcement","Phone","JAN 23, 2020 09:49:13 AM","16##","RANDOLPH","WARD 10"," "
"Dirty Yard","Bylaw Enforcement","Phone","JAN 30, 2020 03:39:10 PM","11##","HIGHLAND","WARD 3"," "
"Dirty Yard","Bylaw Enforcement","Phone","FEB 03, 2020 10:22:08 AM","1##","BRIDGE","WARD 2"," "
"Dirty Yard","Bylaw Enforcement","Phone","FEB 03, 2020 11:22:56 AM","991##","UNIVERSITY","WARD 3"," "
"Dirty Yard","Bylaw Enforcement","Web Intake","FEB 03, 2020 03:02:20 PM"," "," ","WARD 4"," "
"Dirty Yard","Bylaw Enforcement","Phone","FEB 03, 2020 03:04:40 PM","9##","ELM","WARD 3"," "
"Dirty Yard","Bylaw Enforcement","E-Mail","FEB 03, 2020 03:38:09 PM","11##","PARENT","WARD 4"," "
"Dirty Yard","Bylaw Enforcement","Phone","FEB 04, 2020 08:09:45 AM","11##","ELSMERE","WARD 4"," "
"Dirty Yard","Bylaw Enforcement","Phone","FEB 04, 2020 10:59:04 AM","2##","ERIE","WARD 3"," "
"Dirty Yard","Bylaw Enforcement","Phone","FEB 04, 2020 11:00:05 AM","10##","MCDOUGALL","WARD 3"," "
"Dirty Yard","Bylaw Enforcement","Phone","FEB 04, 2020 11:56:19 AM","4##","ELM","WARD 3"," "
"Dirty Yard","Bylaw Enforcement","Phone","JAN 06, 2020 10:27:55 AM","8##","RIVERSIDE","WARD 4"," "
"Dirty Yard","Bylaw Enforcement","Phone","JAN 13, 2020 11:20:01 AM","8##","MARION","WARD 4"," "
"Dirty Yard","Bylaw Enforcement","Phone","JAN 13, 2020 11:55:46 AM","8##","ELLIOTT","WARD 4"," "
"Dirty Yard","Bylaw Enforcement","Phone","JAN 02, 2020 12:32:40 PM","2##","DETROIT","WARD 2"," "
"Dirty Yard","Bylaw Enforcement","Phone","JAN 07, 2020 02:29:19 PM","4##","ASKIN","WARD 2"," "
"Dirty Yard","Bylaw Enforcement","Phone","JAN 07, 2020 02:29:51 PM","5##","ASKIN","WARD 2"," "
"Dirty Yard","Bylaw Enforcement","Phone","JAN 07, 2020 02:30:24 PM","5##","ASKIN","WARD 2"," "
"Dirty Yard","Bylaw Enforcement","Phone","JAN 07, 2020 02:30:53 PM","5##","ASKIN","WARD 2"," "
"Dirty Yard","Bylaw Enforcement","Phone","JAN 08, 2020 01:41:51 PM","25##","DANDURAND","WARD 10"," "
"Dirty Yard","Bylaw Enforcement","Web Intake","JAN 10, 2020 08:30:37 PM"," "," ","WARD 4"," "
"Dirty Yard","Bylaw Enforcement","Web Intake","JAN 13, 2020 09:47:06 AM"," "," ","WARD 7"," "
"Dirty Yard","Bylaw Enforcement","Web Intake","JAN 13, 2020 09:48:40 AM"," "," ","WARD 7"," "
"Dirty Yard","Bylaw Enforcement","Phone","JAN 13, 2020 10:47:39 AM","9##","ELSMERE","WARD 4"," "
"Dirty Yard","Bylaw Enforcement","Phone","JAN 13, 2020 10:55:24 AM","12##","TECUMSEH","WARD 4"," "
"Dirty Yard","Bylaw Enforcement","Phone","FEB 24, 2020 08:51:11 AM","36##","TURNER","WARD 9"," "
"Dirty Yard","Bylaw Enforcement","Phone","MAR 05, 2020 10:51:16 AM","4##","KARL","WARD 3"," "
"Dirty Yard","Bylaw Enforcement","Phone","MAR 06, 2020 08:37:10 AM","9##","MARION","WARD 4"," "
"Dirty Yard","Bylaw Enforcement","Phone","MAR 06, 2020 12:36:36 PM","21##","ROCKPORT","WARD 9"," "
"Dirty Yard","Bylaw Enforcement","Phone","MAR 06, 2020 02:12:41 PM","13##","MARENTETTE","WARD 4"," "
"Dirty Yard","Bylaw Enforcement","Phone","MAR 06, 2020 03:40:33 PM","8##","ELM","WARD 3"," "
"Dirty Yard","Bylaw Enforcement","Phone","MAR 09, 2020 01:54:04 PM","21##","HOWARD","WARD 3"," "
"Dirty Yard","Bylaw Enforcement","Phone","MAR 06, 2020 08:41:45 AM","993##","FIRGROVE","WARD 7"," "
"Dirty Yard","Bylaw Enforcement","Phone","JAN 13, 2020 01:41:51 PM","7##","PIERRE","WARD 4"," "
"Dirty Yard","Bylaw Enforcement","E-Mail","JAN 06, 2020 02:02:49 PM","11##","PARENT","WARD 4"," "
"Dirty Yard","Bylaw Enforcement","Phone","JAN 15, 2020 10:56:43 AM","9##","JANETTE","WARD 3"," "
"Dirty Yard","Bylaw Enforcement","Phone","JAN 15, 2020 09:49:43 AM","7##","CARON","WARD 3"," "
"Dirty Yard","Bylaw Enforcement","Phone","FEB 27, 2020 12:19:59 PM","13##","COLLEGE","WARD 2"," "
"Dirty Yard","Bylaw Enforcement","Phone","MAR 03, 2020 02:34:56 PM","54##","JOINVILLE","WARD 8"," "
"Dirty Yard","Bylaw Enforcement","Phone","JAN 22, 2020 01:49:16 PM","3##","MCEWAN","WARD 2"," "
"Dirty Yard","Bylaw Enforcement","Phone","JAN 24, 2020 10:49:36 AM","2##","MILL","WARD 2"," "
"Dirty Yard","Bylaw Enforcement","Phone","JAN 27, 2020 10:11:36 AM","86##","DARLINGTON","WARD 6"," "
"Dirty Yard","Bylaw Enforcement","Phone","JAN 17, 2020 01:58:43 PM","24##","DOMINION","WARD 10"," "
"Dirty Yard","Bylaw Enforcement","E-Mail","JAN 16, 2020 12:22:29 PM","15##","HOWARD","WARD 4"," "
"Dirty Yard","Bylaw Enforcement","Phone","FEB 20, 2020 10:27:42 AM","13##","JOSEPHINE","WARD 2"," "
"Dirty Yard","Bylaw Enforcement","Phone","FEB 24, 2020 08:24:27 AM","4##","RANKIN","WARD 2"," "
"Dirty Yard","Bylaw Enforcement","Phone","FEB 28, 2020 03:38:32 PM","2##","ST ROSE","WARD 6"," "
"Dirty Yard","Bylaw Enforcement","Phone","FEB 28, 2020 03:58:20 PM","6##","GOYEAU","WARD 3"," "
"Dirty Yard","Bylaw Enforcement","Phone","FEB 24, 2020 10:12:07 AM","5##","LAFORET","WARD 2"," "
"Dirty Yard","Bylaw Enforcement","Phone","FEB 24, 2020 10:49:06 AM","30##","PETER","WARD 2"," "
"Dirty Yard","Bylaw Enforcement","Phone","MAR 02, 2020 08:36:46 AM","23##","MELDRUM","WARD 5"," "
"Dirty Yard","Bylaw Enforcement","Phone","MAR 02, 2020 10:03:53 AM","10##","CHURCH","WARD 3"," "
"Dirty Yard","Bylaw Enforcement","Phone","MAR 02, 2020 11:40:33 AM","13##","OUELLETTE","WARD 3"," "
"Dirty Yard","Bylaw Enforcement","Phone","MAR 02, 2020 11:40:40 AM","13##","OUELLETTE","WARD 3"," "
"Dirty Yard","Bylaw Enforcement","Phone","MAR 02, 2020 01:25:32 PM","1##","CAMERON","WARD 2"," "
"Dirty Yard","Bylaw Enforcement","Phone","JAN 07, 2020 02:29:24 PM","5##","ASKIN","WARD 2"," "
"Dirty Yard","Bylaw Enforcement","Phone","JAN 14, 2020 09:26:34 AM","9##","CURRY","WARD 2"," "
"Dirty Yard","Bylaw Enforcement","Phone","JAN 14, 2020 11:15:58 AM","10##","CALIFORNIA","WARD 2"," "
"Dirty Yard","Bylaw Enforcement","Phone","JAN 14, 2020 03:39:55 PM","12##","MCEWAN","WARD 2"," "
"Dirty Yard","Bylaw Enforcement","Phone","JAN 14, 2020 04:58:57 PM","25##","ST PATRICK'S","WARD 10"," "
"Dirty Yard","Bylaw Enforcement","Phone","JAN 16, 2020 02:23:54 PM","7##","GILES","WARD 4"," "
"Dirty Yard","Bylaw Enforcement","Phone","JAN 16, 2020 03:46:36 PM","4##","AYLMER","WARD 4"," "
"Dirty Yard","Bylaw Enforcement","Web Intake","JAN 17, 2020 10:04:25 AM"," "," ","WARD 8"," "
"Dirty Yard","Bylaw Enforcement","Phone","JAN 17, 2020 11:09:11 AM","22##","MOY","WARD 4"," "
"Dirty Yard","Bylaw Enforcement","Phone","JAN 21, 2020 04:24:19 PM","1##","BRIDGE","WARD 2"," "
"Dirty Yard","Bylaw Enforcement","Phone","JAN 21, 2020 03:11:15 PM","31##","PETER","WARD 2"," "
"Dirty Yard","Bylaw Enforcement","Phone","JAN 27, 2020 11:28:30 AM","54##","JOINVILLE","WARD 8"," "
"Dirty Yard","Bylaw Enforcement","Phone","JAN 27, 2020 12:14:21 PM","27##","ALEXIS","WARD 5"," "
"Dirty Yard","Bylaw Enforcement","Phone","JAN 27, 2020 02:23:47 PM","29##","GRANDVIEW","WARD 8"," "
"Dirty Yard","Bylaw Enforcement","Phone","JAN 27, 2020 03:13:34 PM","992##","RIVERSIDE","WARD 3"," "
"Dirty Yard","Bylaw Enforcement","Phone","JAN 27, 2020 03:18:43 PM","18##","BUCKINGHAM","WARD 8"," "
"Dirty Yard","Bylaw Enforcement","Web Intake","JAN 27, 2020 05:28:40 PM"," "," ","WARD 4"," "
"Dirty Yard","Bylaw Enforcement","Phone","JAN 28, 2020 01:27:35 PM","22##","HOWARD","WARD 4"," "
"Dirty Yard","Bylaw Enforcement","Phone","FEB 24, 2020 02:11:51 PM","3##","CAMERON","WARD 2"," "
"Dirty Yard","Bylaw Enforcement","Phone","FEB 24, 2020 02:20:11 PM","22##","JANETTE","WARD 3"," "
"Dirty Yard","Bylaw Enforcement","Phone","FEB 25, 2020 11:30:25 AM","90##","CONWAY","WARD 6"," "
"Dirty Yard","Bylaw Enforcement","Phone","FEB 25, 2020 12:52:59 PM","17##","DROUILLARD","WARD 5"," "
"Dirty Yard","Bylaw Enforcement","Phone","FEB 25, 2020 12:53:25 PM","17##","DROUILLARD","WARD 5"," "
"Dirty Yard","Bylaw Enforcement","Web Intake","FEB 25, 2020 03:19:55 PM"," "," ","WARD 7"," "
"Dirty Yard","Bylaw Enforcement","Web Intake","FEB 25, 2020 03:21:55 PM"," "," ","WARD 7"," "
"Dirty Yard","Bylaw Enforcement","Phone","FEB 25, 2020 03:34:49 PM","9##","JANISSE","WARD 6"," "
"Dirty Yard","Bylaw Enforcement","Phone","FEB 25, 2020 04:21:42 PM","22##","JANETTE","WARD 3"," "
"Dirty Yard","Bylaw Enforcement","Phone","JAN 14, 2020 01:57:39 PM","16##","HALL","WARD 4"," "
"Dirty Yard","Bylaw Enforcement","Phone","MAR 09, 2020 10:23:10 AM","31##","WYANDOTTE","WARD 2"," "
"Dirty Yard","Bylaw Enforcement","Phone","MAR 09, 2020 12:54:04 PM","34##","BLOOMFIELD","WARD 2"," "
"Dirty Yard","Bylaw Enforcement","Phone","MAR 09, 2020 01:00:12 PM","33##","PETER","WARD 2"," "
"Dirty Yard","Bylaw Enforcement","Phone","MAR 09, 2020 01:10:45 PM","36##","PETER","WARD 2"," "
"Dirty Yard","Bylaw Enforcement","Phone","MAR 09, 2020 01:12:18 PM","36##","PETER","WARD 2"," "
"Dirty Yard","Bylaw Enforcement","Phone","APR 14, 2020 08:27:58 AM","1##","OUELLETTE","WARD 3"," "
"Dirty Yard","Bylaw Enforcement","E-Mail","JAN 06, 2020 11:34:35 AM","9##","CALIFORNIA","WARD 2"," "
"Dirty Yard","Bylaw Enforcement","Phone","JAN 07, 2020 04:21:04 PM","60##","QUEEN ELIZABETH","WARD 8"," "
"Dirty Yard","Bylaw Enforcement","Phone","JAN 07, 2020 04:39:30 PM","35##","WALKER","WARD 9"," "
"Dirty Yard","Bylaw Enforcement","Phone","JAN 09, 2020 08:33:58 AM","10##","DROUILLARD","WARD 5"," "
"Dirty Yard","Bylaw Enforcement","Phone","JAN 09, 2020 09:43:39 AM","8##","ELLIOTT","WARD 4"," "
"Dirty Yard","Bylaw Enforcement","Phone","JAN 09, 2020 09:45:46 AM","14##","HALLMARK","WARD 9"," "
"Dirty Yard","Bylaw Enforcement","Phone","JAN 09, 2020 11:38:54 AM","2##","GEORGE","WARD 5"," "
"Dirty Yard","Bylaw Enforcement","Phone","JAN 09, 2020 11:40:13 AM","2##","GEORGE","WARD 5"," "
"Dirty Yard","Bylaw Enforcement","Phone","JAN 09, 2020 11:41:28 AM","2##","GEORGE","WARD 5"," "
"Dirty Yard","Bylaw Enforcement","Phone","MAR 11, 2020 12:12:31 PM","7##","CHURCH","WARD 3"," "
"Dirty Yard","Bylaw Enforcement","Phone","MAR 11, 2020 03:17:04 PM","54##","TECUMSEH","WARD 8"," "
"Dirty Yard","Bylaw Enforcement","Phone","MAR 12, 2020 01:58:09 PM","12##","HANNA","WARD 4"," "
"Dirty Yard","Bylaw Enforcement","Phone","MAR 13, 2020 09:27:14 AM","4##","JANETTE","WARD 3"," "
"Dirty Yard","Bylaw Enforcement","Phone","MAR 13, 2020 10:18:47 AM","14##","WINDERMERE","WARD 4"," "
"Dirty Yard","Bylaw Enforcement","E-Mail","MAR 13, 2020 11:59:34 AM","11##","PARENT","WARD 4"," "
"Dirty Yard","Bylaw Enforcement","Phone","MAR 13, 2020 11:59:46 AM","11##","PARENT","WARD 4"," "
"Dirty Yard","Bylaw Enforcement","Phone","FEB 12, 2020 04:36:48 PM","6##","PIERRE","WARD 4"," "
"Dirty Yard","Bylaw Enforcement","Phone","FEB 13, 2020 01:12:04 PM","7##","WINDSOR","WARD 3"," "
"Dirty Yard","Bylaw Enforcement","Phone","JAN 30, 2020 12:05:43 PM","7##","CARON","WARD 3"," "
"Dirty Yard","Bylaw Enforcement","Phone","JAN 30, 2020 12:09:55 PM","7##","CARON","WARD 3"," "
"Dirty Yard","Bylaw Enforcement","E-Mail","JAN 30, 2020 12:14:16 PM","4##","CHRISTOPHER","WARD 6"," "
"Dirty Yard","Bylaw Enforcement","Web Intake","JAN 30, 2020 01:03:00 PM"," "," ","WARD 7"," "
"Dirty Yard","Bylaw Enforcement","Web Intake","JAN 30, 2020 01:04:25 PM"," "," ","WARD 7"," "
"Dirty Yard","Bylaw Enforcement","Phone","JAN 30, 2020 09:05:21 AM","6##","RANKIN","WARD 2"," "
"Dirty Yard","Bylaw Enforcement","Phone","MAR 13, 2020 02:30:26 PM","7##","PELISSIER","WARD 3"," "
"Dirty Yard","Bylaw Enforcement","Phone","MAR 16, 2020 10:43:06 AM","1##","OUELLETTE","WARD 3"," "
"Dirty Yard","Bylaw Enforcement","Web Intake","MAR 16, 2020 04:30:57 PM"," "," "," "," "
"Dirty Yard","Bylaw Enforcement","Phone","MAR 17, 2020 11:52:24 AM","6##","PELISSIER","WARD 3"," "
"Dirty Yard","Bylaw Enforcement","Phone","MAR 17, 2020 12:05:20 PM","1##","OUELLETTE","WARD 3"," "
"Dirty Yard","Bylaw Enforcement","Phone","MAR 12, 2020 08:07:13 AM","11##","CAMPBELL","WARD 2"," "
"Dirty Yard","Bylaw Enforcement","Phone","FEB 20, 2020 09:19:19 AM","7##","RANKIN","WARD 2"," "
"Dirty Yard","Bylaw Enforcement","Phone","FEB 20, 2020 11:29:37 AM","9##","CAMPBELL","WARD 2"," "
"Dirty Yard","Bylaw Enforcement","Phone","FEB 20, 2020 01:52:25 PM","7##","CABANA","WARD 9"," "
"Dirty Yard","Bylaw Enforcement","Phone","FEB 20, 2020 02:38:30 PM","9##","MCEWAN","WARD 2"," "
"Dirty Yard","Bylaw Enforcement","Phone","JAN 27, 2020 12:42:04 PM","9##","CHURCH","WARD 3"," "
"Dirty Yard","Bylaw Enforcement","Phone","JAN 27, 2020 01:35:09 PM","6##","RANKIN","WARD 2"," "
"Dirty Yard","Bylaw Enforcement","Phone","JAN 28, 2020 11:52:36 AM","15##","WYANDOTTE","WARD 4"," "
"Dirty Yard","Bylaw Enforcement","Phone","JAN 29, 2020 12:12:43 PM","12##","JANISSE","WARD 6"," "
"Dirty Yard","Bylaw Enforcement","Phone","JAN 21, 2020 10:47:09 AM","31##","PETER","WARD 2"," "
"Dirty Yard","Bylaw Enforcement","Phone","JAN 23, 2020 03:55:03 PM","36##","DOMINION","WARD 1"," "
"Dirty Yard","Bylaw Enforcement","Phone","JAN 23, 2020 04:40:41 PM","34##","ST PATRICK'S","WARD 1"," "
"Dirty Yard","Bylaw Enforcement","Phone","MAR 02, 2020 01:44:47 PM","13##","WYANDOTTE","WARD 2"," "
"Dirty Yard","Bylaw Enforcement","Phone","MAR 09, 2020 01:07:50 PM","36##","PETER","WARD 2"," "
"Dirty Yard","Bylaw Enforcement","Phone","MAR 09, 2020 01:14:24 PM","4##","PRINCE","WARD 2"," "
"Dirty Yard","Bylaw Enforcement","Phone","MAR 13, 2020 03:44:10 PM","11##","ALBERT","WARD 5"," "
"Dirty Yard","Bylaw Enforcement","Phone","MAR 16, 2020 02:41:00 PM","17##","DROUILLARD","WARD 5"," "
"Dirty Yard","Bylaw Enforcement","Web Intake","MAR 16, 2020 03:59:54 PM"," "," ","WARD 8"," "
"Dirty Yard","Bylaw Enforcement","Phone","MAR 17, 2020 10:13:44 AM","9##","PELISSIER","WARD 3"," "
"Dirty Yard","Bylaw Enforcement","Phone","MAR 17, 2020 02:46:05 PM","10##","HALL","WARD 4"," "
"Dirty Yard","Bylaw Enforcement","Phone","MAR 17, 2020 04:57:52 PM","13##","LANGLOIS","WARD 4"," "
"Dirty Yard","Bylaw Enforcement","Phone","MAR 17, 2020 04:58:16 PM","9##","OTTAWA","WARD 4"," "
"Dirty Yard","Bylaw Enforcement","Phone","MAR 17, 2020 04:59:21 PM","13##","PARENT","WARD 4"," "
"Dirty Yard","Bylaw Enforcement","Phone","MAY 11, 2020 08:54:02 AM"," ","ERIE","WARD 3"," "
"Dirty Yard","Bylaw Enforcement","Phone","APR 14, 2020 08:46:05 AM","27##","CHANDLER","WARD 5"," "
"Dirty Yard","Bylaw Enforcement","Phone","MAY 13, 2020 02:21:46 PM","6##","OUELLETTE","WARD 3"," "
"Dirty Yard","Bylaw Enforcement","Web Intake","MAR 17, 2020 09:42:34 PM"," "," ","WARD 8"," "
"Dirty Yard","Bylaw Enforcement","Web Intake","MAR 17, 2020 10:02:44 PM"," "," ","WARD 8"," "
"Dirty Yard","Bylaw Enforcement","E-Mail","MAR 18, 2020 09:57:12 AM","11##","PARENT","WARD 4"," "
"Dirty Yard","Bylaw Enforcement","E-Mail","MAR 18, 2020 09:57:46 AM","11##","PARENT","WARD 4"," "
"Dirty Yard","Bylaw Enforcement","Phone","FEB 13, 2020 04:03:57 PM","11##","ELM","WARD 3"," "
"Dirty Yard","Bylaw Enforcement","Phone","MAY 12, 2020 02:00:09 PM","1##","WYANDOTTE","WARD 3"," "
"Dirty Yard","Bylaw Enforcement","Phone","JAN 30, 2020 11:32:39 AM","28##","HAWKSBURY","WARD 10"," "
"Dirty Yard","Bylaw Enforcement","Phone","FEB 07, 2020 11:13:33 AM","13##","UNIVERSITY","WARD 2"," "
"Dirty Yard","Bylaw Enforcement","Phone","FEB 11, 2020 01:06:05 PM","16##","GEORGE","WARD 5"," "
"Dirty Yard","Bylaw Enforcement","Phone","FEB 11, 2020 04:14:23 PM","25##","ALEXIS","WARD 5"," "
"Dirty Yard","Bylaw Enforcement","Phone","FEB 12, 2020 09:54:36 AM","11##","WESTCOTT","WARD 5"," "
"Dirty Yard","Bylaw Enforcement","E-Mail","FEB 10, 2020 04:58:46 PM","17##","MARENTETTE","WARD 4"," "
"Dirty Yard","Bylaw Enforcement","Phone","FEB 12, 2020 04:22:49 PM","15##","CHERRYLAWN","WARD 1"," "
"Dirty Yard","Bylaw Enforcement","Phone","FEB 18, 2020 11:01:16 AM","45##","OSAKA","WARD 9"," "
"Dirty Yard","Bylaw Enforcement","Phone","FEB 18, 2020 11:26:42 AM","12##","COTTAGE","WARD 6"," "
"Dirty Yard","Bylaw Enforcement","Phone","FEB 18, 2020 02:03:20 PM","990##","GUY","WARD 8"," "
"Dirty Yard","Bylaw Enforcement","Web Intake","FEB 18, 2020 02:27:57 PM"," "," ","WARD 8"," "
"Dirty Yard","Bylaw Enforcement","Phone","FEB 19, 2020 10:36:40 AM","11##","ELM","WARD 3"," "
"Dirty Yard","Bylaw Enforcement","Phone","FEB 19, 2020 12:45:10 PM","9##","DAWSON","WARD 6"," "
"Dirty Yard","Bylaw Enforcement","Phone","MAR 18, 2020 11:34:40 AM","14##","GLADSTONE","WARD 4"," "
"Dirty Yard","Bylaw Enforcement","Phone","MAR 18, 2020 11:51:56 AM","9##","WELLINGTON","WARD 3"," "
"Dirty Yard","Bylaw Enforcement","Phone","MAR 18, 2020 01:09:25 PM","7##","PELISSIER","WARD 3"," "
"Dirty Yard","Bylaw Enforcement","Phone","MAR 12, 2020 09:15:47 AM","10##","MCEWAN","WARD 2"," "
"Dirty Yard","Bylaw Enforcement","Phone","MAR 12, 2020 12:15:48 PM","4##","JOSEPHINE","WARD 2"," "
"Dirty Yard","Bylaw Enforcement","Phone","MAR 12, 2020 12:41:42 PM","7##","BRIDGE","WARD 2"," "
"Dirty Yard","Bylaw Enforcement","Phone","APR 02, 2020 08:25:13 AM","1##","OUELLETTE","WARD 3"," "
"Dirty Yard","Bylaw Enforcement","Phone","APR 02, 2020 02:11:42 PM","991##","UNIVERSITY","WARD 3"," "
"Dirty Yard","Bylaw Enforcement","Phone","MAR 12, 2020 08:48:48 AM","11##","COPELAND","WARD 7"," "
"Dirty Yard","Bylaw Enforcement","Phone","MAR 16, 2020 09:55:47 AM","20##","MAGNOLIA","WARD 7"," "
"Dirty Yard","Bylaw Enforcement","Phone","MAR 17, 2020 03:24:11 PM","102##","CALEDON","WARD 7"," "
"Dirty Yard","Bylaw Enforcement","Phone","MAR 18, 2020 10:58:39 AM","106##","ATWATER","WARD 7"," "
"Dirty Yard","Bylaw Enforcement","Phone","MAR 20, 2020 10:21:29 AM","10##","HOWARD","WARD 3"," "
"Dirty Yard","Bylaw Enforcement","Phone","MAR 26, 2020 11:05:20 AM","7##","UNIVERSITY","WARD 3"," "
"Dirty Yard","Bylaw Enforcement","Phone","MAR 31, 2020 03:02:58 PM","6##","OUELLETTE","WARD 3"," "
"Dirty Yard","Bylaw Enforcement","Phone","FEB 05, 2020 04:34:41 PM","2##","JOSEPHINE","WARD 2"," "
"Dirty Yard","Bylaw Enforcement","Phone","FEB 06, 2020 09:53:25 AM","1##","MCEWAN","WARD 2"," "
"Dirty Yard","Bylaw Enforcement","Phone","FEB 11, 2020 03:00:44 PM","55##","CLARENCE","WARD 8"," "
"Dirty Yard","Bylaw Enforcement","Phone","FEB 11, 2020 03:54:34 PM","2##","TUSCARORA","WARD 3"," "
"Dirty Yard","Bylaw Enforcement","Phone","FEB 12, 2020 09:03:03 AM","12##","PARENT","WARD 4"," "
"Dirty Yard","Bylaw Enforcement","Phone","FEB 12, 2020 09:37:39 AM","9##","OTTAWA","WARD 4"," "
"Dirty Yard","Bylaw Enforcement","Phone","FEB 12, 2020 11:56:34 AM","6##","GLADSTONE","WARD 4"," "
"Dirty Yard","Bylaw Enforcement","Phone","JAN 23, 2020 01:03:16 PM","15##","TECUMSEH","WARD 4"," "
"Dirty Yard","Bylaw Enforcement","Phone","MAR 09, 2020 10:29:51 AM","31##","WYANDOTTE","WARD 2"," "
"Dirty Yard","Bylaw Enforcement","Phone","MAR 09, 2020 10:41:33 AM","9##","ASKIN","WARD 2"," "
"Dirty Yard","Bylaw Enforcement","Phone","MAR 09, 2020 12:50:27 PM","35##","KING","WARD 2"," "
"Dirty Yard","Bylaw Enforcement","Phone","MAR 09, 2020 12:51:48 PM","35##","KING","WARD 2"," "
"Dirty Yard","Bylaw Enforcement","Phone","MAY 05, 2020 11:32:57 AM","9##","UNIVERSITY","WARD 3"," "
"Dirty Yard","Bylaw Enforcement","Phone","MAR 18, 2020 02:34:09 PM","24##","ASKIN","WARD 10"," "
"Dirty Yard","Bylaw Enforcement","Phone","MAR 18, 2020 02:14:02 PM","29##","CONSERVATION","WARD 10"," "
"Dirty Yard","Bylaw Enforcement","Phone","MAR 26, 2020 11:13:26 AM","30##","GRANDVIEW","WARD 8"," "
"Dirty Yard","Bylaw Enforcement","Phone","MAR 09, 2020 12:55:34 PM","34##","BLOOMFIELD","WARD 2"," "
"Dirty Yard","Bylaw Enforcement","Phone","MAR 09, 2020 12:57:46 PM","4##","SOUTH","WARD 2"," "
"Dirty Yard","Bylaw Enforcement","Phone","MAR 09, 2020 12:57:53 PM","34##","PETER","WARD 2"," "
"Dirty Yard","Bylaw Enforcement","Phone","MAR 11, 2020 12:51:02 PM","6##","RANKIN","WARD 2"," "
"Dirty Yard","Bylaw Enforcement","Phone","MAR 13, 2020 12:34:04 PM","13##","COTTAGE","WARD 6"," "
"Dirty Yard","Bylaw Enforcement","Phone","MAR 13, 2020 02:02:39 PM","10##","CABANA","WARD 1"," "
"Dirty Yard","Bylaw Enforcement","Phone","MAR 16, 2020 08:24:33 AM","2##","ST ROSE","WARD 6"," "
"Dirty Yard","Bylaw Enforcement","Phone","MAR 16, 2020 10:28:01 AM","8##","ASSUMPTION","WARD 4"," "
"Dirty Yard","Bylaw Enforcement","Phone","MAR 16, 2020 11:00:45 AM","9##","WINDERMERE","WARD 4"," "
"Dirty Yard","Bylaw Enforcement","Phone","MAR 19, 2020 01:34:43 PM","14##","BENJAMIN","WARD 4"," "
"Dirty Yard","Bylaw Enforcement","Phone","MAR 19, 2020 03:19:34 PM","5##","SOUTH","WARD 2"," "
"Dirty Yard","Bylaw Enforcement","Phone","MAR 19, 2020 03:54:11 PM","10##","MARION","WARD 4"," "
"Dirty Yard","Bylaw Enforcement","Phone","MAR 19, 2020 04:03:46 PM","13##","HICKORY","WARD 5"," "
"Dirty Yard","Bylaw Enforcement","Phone","MAR 19, 2020 09:19:49 AM","78##","WYANDOTTE","WARD 6"," "
"Dirty Yard","Bylaw Enforcement","Phone","MAR 19, 2020 12:50:40 PM","12##","LOUIS","WARD 4"," "
"Dirty Yard","Bylaw Enforcement","Phone","MAR 09, 2020 01:23:07 PM","33##","PETER","WARD 2"," "
"Dirty Yard","Bylaw Enforcement","Phone","MAR 09, 2020 09:38:40 AM","15##","GOYEAU","WARD 3"," "
"Dirty Yard","Bylaw Enforcement","Phone","MAR 09, 2020 12:59:05 PM","3##","CHIPPAWA","WARD 2"," "
"Dirty Yard","Bylaw Enforcement","Phone","MAR 09, 2020 01:01:15 PM","35##","PETER","WARD 2"," "
"Dirty Yard","Bylaw Enforcement","Phone","MAR 09, 2020 01:16:51 PM","36##","BLOOMFIELD","WARD 2"," "
"Dirty Yard","Bylaw Enforcement","Phone","MAR 09, 2020 01:19:11 PM","33##","PETER","WARD 2"," "
"Dirty Yard","Bylaw Enforcement","Phone","MAR 09, 2020 01:20:13 PM","33##","PETER","WARD 2"," "
"Dirty Yard","Bylaw Enforcement","Phone","MAR 04, 2020 08:05:48 AM","9##","CORA GREENWOOD","WARD 7"," "
"Dirty Yard","Bylaw Enforcement","Phone","MAR 04, 2020 11:37:12 AM","31##","RIVERSIDE","WARD 5"," "
"Dirty Yard","Bylaw Enforcement","Phone","MAR 04, 2020 11:38:56 AM","2##","BELLEVIEW","WARD 5"," "
"Dirty Yard","Bylaw Enforcement","Phone","MAR 04, 2020 01:02:30 PM","17##","ST LUKE","WARD 5"," "
"Dirty Yard","Bylaw Enforcement","Phone","MAR 02, 2020 09:36:11 AM","6##","VANIER","WARD 10"," "
"Dirty Yard","Bylaw Enforcement","E-Mail","FEB 20, 2020 03:49:07 PM","3##","RANKIN","WARD 2"," "
"Dirty Yard","Bylaw Enforcement","Phone","FEB 21, 2020 01:16:28 PM","19##","RIVERSIDE","WARD 2"," "
"Dirty Yard","Bylaw Enforcement","E-Mail","FEB 20, 2020 03:50:40 PM","3##","RANKIN","WARD 2"," "
"Dirty Yard","Bylaw Enforcement","Phone","FEB 21, 2020 09:34:57 AM","27##","MEADOWBROOK","WARD 8"," "
"Dirty Yard","Bylaw Enforcement","Phone","MAR 06, 2020 02:26:12 PM","8##","LANGLOIS","WARD 4"," "
"Dirty Yard","Bylaw Enforcement","Phone","FEB 26, 2020 01:22:05 PM","35##","MARENTETTE","WARD 9"," "
"Dirty Yard","Bylaw Enforcement","Phone","FEB 26, 2020 01:31:27 PM","965##","MARENTETTE","WARD 9"," "
"Dirty Yard","Bylaw Enforcement","Phone","FEB 24, 2020 12:51:49 PM","38##","VAUGHAN","WARD 2"," "
"Dirty Yard","Bylaw Enforcement","Phone","MAR 09, 2020 01:21:35 PM","33##","PETER","WARD 2"," "
"Dirty Yard","Bylaw Enforcement","Phone","MAR 09, 2020 01:25:20 PM","3##","MILL","WARD 2"," "
"Dirty Yard","Bylaw Enforcement","Phone","MAR 09, 2020 01:25:25 PM","32##","BABY","WARD 2"," "
"Dirty Yard","Bylaw Enforcement","Phone","MAR 09, 2020 01:26:33 PM","32##","BABY","WARD 2"," "
"Dirty Yard","Bylaw Enforcement","Phone","MAR 09, 2020 01:27:28 PM","32##","BABY","WARD 2"," "
"Dirty Yard","Bylaw Enforcement","Phone","MAR 09, 2020 01:28:29 PM","32##","BABY","WARD 2"," "
"Dirty Yard","Bylaw Enforcement","Phone","FEB 19, 2020 09:04:33 AM","10##","PELISSIER","WARD 3"," "
"Dirty Yard","Bylaw Enforcement","Web Intake","FEB 19, 2020 12:00:41 PM"," "," ","WARD 3"," "
"Dirty Yard","Bylaw Enforcement","Phone","FEB 19, 2020 04:14:57 PM","11##","CALIFORNIA","WARD 2"," "
"Dirty Yard","Bylaw Enforcement","Phone","FEB 20, 2020 01:32:43 PM","22##","MELDRUM","WARD 5"," "
"Dirty Yard","Bylaw Enforcement","Phone","FEB 20, 2020 02:38:36 PM","9##","MCEWAN","WARD 2"," "
"Dirty Yard","Bylaw Enforcement","Phone","FEB 20, 2020 04:43:01 PM","6##","TECUMSEH","WARD 4"," "
"Dirty Yard","Bylaw Enforcement","Phone","FEB 20, 2020 04:56:49 PM","18##","FRANCOIS","WARD 5"," "
"Dirty Yard","Bylaw Enforcement","Phone","FEB 21, 2020 12:25:51 PM","6##","ARGYLE","WARD 4"," "
"Dirty Yard","Bylaw Enforcement","Phone","MAR 09, 2020 08:38:05 AM","3##","INDIAN","WARD 2"," "
"Dirty Yard","Bylaw Enforcement","Phone","MAR 03, 2020 08:42:21 AM","16##","POLONIA PARK","WARD 8"," "
"Dirty Yard","Bylaw Enforcement","Phone","MAR 03, 2020 10:52:47 AM","33##","PETER","WARD 2"," "
"Dirty Yard","Bylaw Enforcement","Phone","MAR 03, 2020 10:54:52 AM","33##","PETER","WARD 2"," "
"Dirty Yard","Bylaw Enforcement","Phone","MAR 03, 2020 12:19:32 PM","13##","BENJAMIN","WARD 4"," "
"Dirty Yard","Bylaw Enforcement","Phone","MAR 04, 2020 10:03:12 AM","11##","MARION","WARD 4"," "
"Dirty Yard","Bylaw Enforcement","Phone","MAR 04, 2020 12:22:53 PM","4##","CURRY","WARD 2"," "
"Dirty Yard","Bylaw Enforcement","Phone","MAR 04, 2020 12:24:37 PM","21##","HOWARD","WARD 3"," "
"Dirty Yard","Bylaw Enforcement","Phone","MAR 04, 2020 02:44:59 PM","7##","ASSUMPTION","WARD 4"," "
"Dirty Yard","Bylaw Enforcement","Phone","MAR 04, 2020 03:34:38 PM","14##","GROVE","WARD 2"," "
"Dirty Yard","Bylaw Enforcement","Phone","FEB 11, 2020 04:34:25 PM","24##","PRINCESS","WARD 8"," "
"Dirty Yard","Bylaw Enforcement","Phone","FEB 27, 2020 04:07:37 PM","14##","GLADSTONE","WARD 4"," "
"Dirty Yard","Bylaw Enforcement","Phone","FEB 27, 2020 04:15:41 PM","8##","LOUIS","WARD 4"," "
"Dirty Yard","Bylaw Enforcement","Phone","FEB 28, 2020 09:21:41 AM","14##","GLADSTONE","WARD 4"," "
"Dirty Yard","Bylaw Enforcement","Phone","FEB 28, 2020 11:11:08 AM","43##","WYANDOTTE","WARD 5"," "
"Dirty Yard","Bylaw Enforcement","E-Mail","MAR 05, 2020 08:40:11 AM","31##","PETER","WARD 2"," "
"Dirty Yard","Bylaw Enforcement","Phone","FEB 24, 2020 12:59:24 PM","9##","PIERRE","WARD 4"," "
"Dirty Yard","Bylaw Enforcement","Phone","FEB 21, 2020 12:28:40 PM","21##","WYANDOTTE","WARD 4"," "
"Dirty Yard","Bylaw Enforcement","Phone","FEB 21, 2020 01:23:07 PM","6##","MERCER","WARD 3"," "
"Dirty Yard","Bylaw Enforcement","Phone","FEB 24, 2020 01:01:47 PM","5##","WYANDOTTE","WARD 3"," "
"Dirty Yard","Bylaw Enforcement","Phone","FEB 24, 2020 02:21:31 PM","3##","CAMERON","WARD 2"," "
"Dirty Yard","Bylaw Enforcement","Phone","FEB 24, 2020 03:56:40 PM","23##","MELDRUM","WARD 5"," "
"Dirty Yard","Bylaw Enforcement","Phone","FEB 24, 2020 04:03:40 PM","12##","FOXHILL","WARD 6"," "
"Dirty Yard","Bylaw Enforcement","Phone","FEB 24, 2020 04:13:00 PM","13##","OUELLETTE","WARD 3"," "
"Dirty Yard","Bylaw Enforcement","Phone","FEB 25, 2020 08:46:32 AM","35##","RANKIN","WARD 1"," "
"Dirty Yard","Bylaw Enforcement","Phone","FEB 25, 2020 09:59:58 AM","956##","UNIVERSITY","WARD 10"," "
"Dirty Yard","Bylaw Enforcement","Phone","FEB 25, 2020 12:55:59 PM","12##","DROUILLARD","WARD 5"," "
"Dirty Yard","Bylaw Enforcement","Phone","MAR 09, 2020 08:38:17 AM","3##","INDIAN","WARD 2"," "
"Dirty Yard","Bylaw Enforcement","Phone","MAR 09, 2020 10:10:06 AM","9##","RANKIN","WARD 2"," "
"Dirty Yard","Bylaw Enforcement","Phone","MAR 09, 2020 12:52:42 PM","35##","BLOOMFIELD","WARD 2"," "
"Dirty Yard","Bylaw Enforcement","Phone","MAR 11, 2020 09:18:41 AM","20##","VIMY","WARD 4"," "
"Dirty Yard","Bylaw Enforcement","E-Mail","MAR 12, 2020 10:38:39 AM","15##","PIERRE","WARD 4"," "
"Dirty Yard","Bylaw Enforcement","Phone","MAR 12, 2020 03:22:41 PM","39##","ACORN","WARD 9"," "
"Dirty Yard","Bylaw Enforcement","Web Intake","MAR 13, 2020 01:20:10 PM"," "," "," "," "
"Dirty Yard","Bylaw Enforcement","Phone","MAR 10, 2020 11:17:03 AM","6##","TOURNIER","WARD 2"," "
"Dirty Yard","Bylaw Enforcement","Phone","FEB 27, 2020 03:25:06 PM","3##","CITY HALL","WARD 3"," "
"Dirty Yard","Bylaw Enforcement","Phone","MAR 16, 2020 09:19:35 AM","31##","WYANDOTTE","WARD 2"," "
"Dirty Yard","Bylaw Enforcement","Phone","MAR 09, 2020 01:29:18 PM","33##","BABY","WARD 2"," "
"Dirty Yard","Bylaw Enforcement","Phone","MAR 09, 2020 01:30:00 PM","34##","CROSS","WARD 2"," "
"Dirty Yard","Bylaw Enforcement","Phone","MAR 09, 2020 01:31:26 PM","35##","KING","WARD 2"," "
"Dirty Yard","Bylaw Enforcement","Phone","JAN 02, 2020 10:10:23 AM","9##","CAMPBELL","WARD 2"," "
"Dirty Yard","Bylaw Enforcement","Phone","MAR 18, 2020 03:50:24 PM","8##","WALKER","WARD 4"," "
"Dirty Yard","Bylaw Enforcement","Phone","MAR 18, 2020 03:51:26 PM","8##","WALKER","WARD 4"," "
"Dirty Yard","Bylaw Enforcement","Phone","FEB 06, 2020 09:51:31 AM","9##","MARION","WARD 4"," "
"Dirty Yard","Bylaw Enforcement","Phone","MAR 13, 2020 11:40:12 AM","31##","WYANDOTTE","WARD 2"," "
"Dirty Yard","Bylaw Enforcement","Phone","MAR 13, 2020 11:47:40 AM","8##","OTTAWA","WARD 4"," "
"Dirty Yard","Bylaw Enforcement","Phone","MAR 13, 2020 12:06:05 PM","18##","FRANCOIS","WARD 5"," "
"Dirty Yard","Bylaw Enforcement","Web Intake","MAR 13, 2020 01:20:01 PM"," "," ","WARD 3"," "
"Dirty Yard","Bylaw Enforcement","Phone","MAR 17, 2020 04:49:52 PM","992##","RIVERSIDE","WARD 3"," "
"Dirty Yard","Bylaw Enforcement","Web Intake","MAR 17, 2020 09:46:52 AM"," "," ","WARD 3"," "
"Dirty Yard","Bylaw Enforcement","Web Intake","JAN 02, 2020 10:52:50 PM"," "," ","WARD 4"," "
"Dirty Yard","Bylaw Enforcement","Phone","JAN 03, 2020 10:53:14 AM","10##","CATARAQUI","WARD 4"," "
"Dirty Yard","Bylaw Enforcement","Phone","JAN 03, 2020 01:07:14 PM","11##","LILLIAN","WARD 4"," "
"Dirty Yard","Bylaw Enforcement","Web Intake","JAN 31, 2020 05:47:52 PM"," "," ","WARD 2"," "
"Dirty Yard","Bylaw Enforcement","Phone","FEB 10, 2020 11:26:47 AM","28##","JEFFERSON","WARD 8"," "
"Dirty Yard","Bylaw Enforcement","Phone","MAR 17, 2020 12:53:37 PM","2##","CAMERON","WARD 2"," "
"Dirty Yard","Bylaw Enforcement","Phone","MAR 17, 2020 02:11:20 PM","19##","DAYTONA","WARD 10"," "
"Dirty Yard","Bylaw Enforcement","Phone","MAR 17, 2020 03:50:51 PM","8##","PILLETTE","WARD 5"," "
"Dirty Yard","Bylaw Enforcement","Phone","FEB 04, 2020 01:16:49 PM","38##","DAYTONA","WARD 1"," "
"Dirty Yard","Bylaw Enforcement","Phone","FEB 18, 2020 08:15:53 AM","9##","MCEWAN","WARD 2"," "
"Dirty Yard","Bylaw Enforcement","Phone","FEB 18, 2020 12:59:05 PM","4##","CURRY","WARD 2"," "
"Dirty Yard","Bylaw Enforcement","Web Intake","FEB 18, 2020 02:58:26 PM"," "," ","WARD 8"," "
"Dirty Yard","Bylaw Enforcement","Web Intake","FEB 18, 2020 04:05:15 PM"," "," ","WARD 3"," "
"Dirty Yard","Bylaw Enforcement","E-Mail","FEB 19, 2020 09:31:41 AM","12##","PELISSIER","WARD 3"," "
"Dirty Yard","Bylaw Enforcement","Phone","JAN 21, 2020 10:55:20 AM","6##","GLENGARRY","WARD 3"," "
"Dirty Yard","Bylaw Enforcement","Phone","JAN 21, 2020 11:59:21 AM","24##","MERCER","WARD 3"," "
"Dirty Yard","Bylaw Enforcement","Phone","JAN 21, 2020 04:35:38 PM","4##","GROVE","WARD 3"," "
"Dirty Yard","Bylaw Enforcement","Phone","JAN 22, 2020 03:15:32 PM","9##","MCKAY","WARD 2"," "
"Dirty Yard","Bylaw Enforcement","Phone","JAN 02, 2020 10:59:05 AM","4##","ELLIOTT","WARD 3"," "
"Dirty Yard","Bylaw Enforcement","Phone","JAN 02, 2020 04:16:14 PM","15##","ST LUKE","WARD 5"," "
"Dirty Yard","Bylaw Enforcement","Phone","FEB 03, 2020 08:40:01 AM","18##","DOMINION","WARD 10"," "
"Dirty Yard","Bylaw Enforcement","Phone","FEB 03, 2020 11:43:59 AM","37##","VAUGHAN","WARD 2"," "
"Dirty Yard","Bylaw Enforcement","Phone","FEB 03, 2020 04:26:01 PM","16##","ST CLAIR","WARD 10"," "
"Dirty Yard","Bylaw Enforcement","Web Intake","FEB 04, 2020 01:59:53 PM"," "," ","WARD 3"," "
"Dirty Yard","Bylaw Enforcement","Web Intake","FEB 04, 2020 06:39:36 PM"," "," ","WARD 8"," "
"Dirty Yard","Bylaw Enforcement","Web Intake","FEB 04, 2020 06:46:50 PM"," "," ","WARD 8"," "
"Dirty Yard","Bylaw Enforcement","Phone","FEB 05, 2020 10:47:58 AM","12##","RIVERSIDE","WARD 3"," "
"Dirty Yard","Bylaw Enforcement","E-Mail","FEB 05, 2020 12:04:26 PM","11##","PARENT","WARD 4"," "
"Dirty Yard","Bylaw Enforcement","E-Mail","MAR 05, 2020 09:24:33 AM","8##","RIVERSIDE","WARD 3"," "
"Dirty Yard","Bylaw Enforcement","Phone","MAR 05, 2020 12:39:27 PM","8##","GOYEAU","WARD 3"," "
"Dirty Yard","Bylaw Enforcement","Phone","MAR 05, 2020 01:27:20 PM","23##","MELDRUM","WARD 5"," "
"Dirty Yard","Bylaw Enforcement","Phone","MAR 05, 2020 01:53:42 PM","34##","DOMINION","WARD 1"," "
"Dirty Yard","Bylaw Enforcement","Phone","MAR 05, 2020 02:54:11 PM","6##","WINDSOR","WARD 3"," "
"Dirty Yard","Bylaw Enforcement","Web Intake","MAR 06, 2020 10:07:20 AM"," "," ","WARD 5"," "
"Dirty Yard","Bylaw Enforcement","Phone","FEB 19, 2020 01:27:22 PM","23##","LOUIS","WARD 4"," "
"Dirty Yard","Bylaw Enforcement","Phone","FEB 19, 2020 02:48:06 PM","38##","VAUGHAN","WARD 2"," "
"Dirty Yard","Bylaw Enforcement","Phone","FEB 19, 2020 03:15:47 PM","8##","HOWARD","WARD 4"," "
"Dirty Yard","Bylaw Enforcement","Phone","FEB 20, 2020 08:42:09 AM","9##","GILES","WARD 3"," "
"Dirty Yard","Bylaw Enforcement","Web Intake","FEB 20, 2020 10:19:55 AM"," "," ","WARD 6"," "
"Dirty Yard","Bylaw Enforcement","E-Mail","FEB 20, 2020 10:28:10 AM","15##","LINCOLN","WARD 4"," "
"Dirty Yard","Bylaw Enforcement","Phone","JAN 24, 2020 02:39:55 PM","4##","CARON","WARD 3"," "
"Dirty Yard","Bylaw Enforcement","Phone","JAN 27, 2020 12:38:09 PM","38##","MATCHETTE","WARD 2"," "
"Dirty Yard","Bylaw Enforcement","Phone","JAN 27, 2020 02:40:11 PM","991##","UNIVERSITY","WARD 3"," "
"Dirty Yard","Bylaw Enforcement","Phone","JAN 28, 2020 03:10:35 PM","26##","TURNER","WARD 4"," "
"Dirty Yard","Bylaw Enforcement","Phone","JAN 03, 2020 11:28:13 AM","10##","ALBERT","WARD 5"," "
"Dirty Yard","Bylaw Enforcement","Phone","JAN 03, 2020 01:57:45 PM","26##","HOWARD","WARD 10"," "
"Dirty Yard","Bylaw Enforcement","Phone","JAN 06, 2020 10:53:56 AM","11##","ABBEY","WARD 6"," "
"Dirty Yard","Bylaw Enforcement","Phone","JAN 06, 2020 11:28:45 AM","8##","JOS JANISSE","WARD 5"," "
"Dirty Yard","Bylaw Enforcement","Phone","JAN 06, 2020 12:07:48 PM","12##","PARENT","WARD 4"," "
"Dirty Yard","Bylaw Enforcement","Phone","JAN 06, 2020 12:51:22 PM","75##","WYANDOTTE","WARD 6"," "
"Dirty Yard","Bylaw Enforcement","Web Intake","JAN 06, 2020 01:02:51 PM"," "," ","WARD 7"," "
"Dirty Yard","Bylaw Enforcement","Web Intake","JAN 06, 2020 01:04:12 PM"," "," ","WARD 7"," "
"Dirty Yard","Bylaw Enforcement","Web Intake","JAN 06, 2020 01:05:43 PM"," "," ","WARD 7"," "
"Dirty Yard","Bylaw Enforcement","Phone","JAN 06, 2020 02:59:52 PM","11##","VILLAIRE","WARD 6"," "
"Dirty Yard","Bylaw Enforcement","Phone","JAN 06, 2020 03:42:07 PM","8##","RIVERSIDE","WARD 4"," "
"Dirty Yard","Bylaw Enforcement","Phone","JAN 07, 2020 11:06:50 AM","9##","GOYEAU","WARD 3"," "
"Dirty Yard","Bylaw Enforcement","Phone","JAN 07, 2020 12:58:20 PM","30##","PEACE","WARD 8"," "
"Dirty Yard","Bylaw Enforcement","Phone","JAN 07, 2020 01:25:15 PM","988##","SENECA","WARD 4"," "
"Dirty Yard","Bylaw Enforcement","E-Mail","MAR 06, 2020 09:49:13 AM","3##","BRIDGE","WARD 2"," "
"Dirty Yard","Bylaw Enforcement","Phone","MAR 06, 2020 04:41:10 PM","10##","CAMPBELL","WARD 2"," "
"Dirty Yard","Bylaw Enforcement","Web Intake","MAR 11, 2020 12:17:46 AM"," "," ","WARD 2"," "
"Dirty Yard","Bylaw Enforcement","Phone","MAR 11, 2020 10:25:17 AM","16##","OUELLETTE","WARD 3"," "
"Dirty Yard","Bylaw Enforcement","Phone","MAR 12, 2020 02:01:48 PM","9##","OUELLETTE","WARD 3"," "
"Dirty Yard","Bylaw Enforcement","E-Mail","FEB 05, 2020 12:04:32 PM","11##","PARENT","WARD 4"," "
"Dirty Yard","Bylaw Enforcement","Phone","FEB 05, 2020 01:34:06 PM","10##","HICKORY","WARD 5"," "
"Dirty Yard","Bylaw Enforcement","Phone","FEB 05, 2020 01:43:38 PM","16##","DROUILLARD","WARD 5"," "
"Dirty Yard","Bylaw Enforcement","Phone","FEB 05, 2020 02:34:26 PM","8##","BRUCE","WARD 3"," "
"Dirty Yard","Bylaw Enforcement","Phone","FEB 20, 2020 11:00:36 AM","15##","GLADSTONE","WARD 4"," "
"Dirty Yard","Bylaw Enforcement","Phone","FEB 20, 2020 12:15:00 PM","5##","CARON","WARD 3"," "
"Dirty Yard","Bylaw Enforcement","Phone","JAN 17, 2020 10:46:47 AM","8##","OTTAWA","WARD 4"," "
"Dirty Yard","Bylaw Enforcement","Phone","JAN 17, 2020 01:08:17 PM","15##","HICKORY","WARD 5"," "
"Dirty Yard","Bylaw Enforcement","Phone","JAN 17, 2020 01:45:32 PM","16##","UNIVERSITY","WARD 2"," "
"Dirty Yard","Bylaw Enforcement","Phone","MAR 16, 2020 11:10:33 AM","10##","CALIFORNIA","WARD 2"," "
"Dirty Yard","Bylaw Enforcement","E-Mail","MAR 16, 2020 11:32:31 AM","9##","RANDOLPH","WARD 2"," "
"Dirty Yard","Bylaw Enforcement","Phone","MAR 16, 2020 11:54:02 AM","13##","UNIVERSITY","WARD 2"," "
"Dirty Yard","Bylaw Enforcement","Phone","JAN 17, 2020 03:36:30 PM","16##","RIVERSIDE","WARD 4"," "
"Dirty Yard","Bylaw Enforcement","Phone","JAN 20, 2020 08:51:36 AM","12##","HIGH","WARD 5"," "
"Dirty Yard","Bylaw Enforcement","Phone","JAN 02, 2020 12:04:19 PM","7##","ST ANTOINE","WARD 2"," "
"Dirty Yard","Bylaw Enforcement","Phone","MAR 11, 2020 11:26:36 AM","4##","UNIVERSITY","WARD 3"," "
"Dirty Yard","Bylaw Enforcement","Phone","MAR 11, 2020 11:56:50 AM","24##","ALEXIS","WARD 5"," "
"Dirty Yard","Bylaw Enforcement","Phone","MAR 11, 2020 02:42:55 PM","11##","UNIVERSITY","WARD 3"," "
"Dirty Yard","Bylaw Enforcement","Phone","MAR 18, 2020 09:41:04 AM","3##","JANETTE","WARD 3"," "
"Dirty Yard","Bylaw Enforcement","Phone","MAR 18, 2020 11:23:46 AM","976##","GRAND MARAIS","WARD 10"," "
"Dirty Yard","Bylaw Enforcement","Phone","MAR 18, 2020 12:04:41 PM","32##","PETER","WARD 2"," "
"Dirty Yard","Bylaw Enforcement","Phone","MAR 19, 2020 08:19:53 AM","13##","CLOVER","WARD 7"," "
"Dirty Yard","Bylaw Enforcement","Phone","JAN 10, 2020 11:18:12 AM","25##","DOUGALL","WARD 10"," "
"Dirty Yard","Bylaw Enforcement","Phone","JAN 17, 2020 01:49:13 PM","40##","LONGFELLOW","WARD 1"," "
"Dirty Yard","Bylaw Enforcement","Phone","JAN 20, 2020 12:49:23 PM","12##","KAMLOOPS","WARD 9"," "
"Dirty Yard","Bylaw Enforcement","Phone","FEB 05, 2020 09:13:21 AM","12##","HICKORY","WARD 5"," "
"Dirty Yard","Bylaw Enforcement","Web Intake","FEB 05, 2020 02:57:20 PM"," "," ","WARD 3"," "
"Dirty Yard","Bylaw Enforcement","Web Intake","FEB 05, 2020 07:21:35 PM"," "," ","WARD 4"," "
"Dirty Yard","Bylaw Enforcement","Web Intake","FEB 05, 2020 07:26:08 PM"," "," ","WARD 4"," "
"Dirty Yard","Bylaw Enforcement","Phone","FEB 06, 2020 02:08:55 PM","27##","RICHMOND","WARD 5"," "
"Dirty Yard","Bylaw Enforcement","Phone","FEB 26, 2020 01:26:01 PM","999##","KAMLOOPS","WARD 9"," "
"Dirty Yard","Bylaw Enforcement","Phone","MAR 02, 2020 01:30:33 PM","5##","MARENTETTE","WARD 4"," "
"Dirty Yard","Bylaw Enforcement","Phone","MAR 03, 2020 10:50:08 AM","5##","BROCK","WARD 2"," "
"Dirty Yard","Bylaw Enforcement","E-Mail","MAR 03, 2020 12:30:38 PM","3##","RANKIN","WARD 2"," "
"Dirty Yard","Bylaw Enforcement","E-Mail","MAR 03, 2020 01:45:08 PM","11##","PARENT","WARD 4"," "
"Dirty Yard","Bylaw Enforcement","Phone","MAR 04, 2020 08:19:39 AM","2##","PRATT","WARD 5"," "
"Dirty Yard","Bylaw Enforcement","Phone","MAR 04, 2020 02:35:18 PM","14##","HALLMARK","WARD 9"," "
"Dirty Yard","Bylaw Enforcement","E-Mail","MAR 05, 2020 08:51:33 AM","11##","PARENT","WARD 4"," "
"Dirty Yard","Bylaw Enforcement","Phone","MAR 27, 2020 11:32:41 AM","4##","CLINTON","WARD 3"," "
"Dirty Yard","Bylaw Enforcement","Phone","MAR 27, 2020 11:35:15 AM","13##","BRUCE","WARD 3"," "
"Dirty Yard","Bylaw Enforcement","Phone","JAN 21, 2020 03:41:07 PM","7##","BRANT","WARD 4"," "
"Dirty Yard","Bylaw Enforcement","Phone","JAN 27, 2020 09:10:38 AM","5##","TECUMSEH","WARD 4"," "
"Dirty Yard","Bylaw Enforcement","Phone","MAY 25, 2020 03:28:49 PM","6##","OUELLETTE","WARD 3"," "
"Dirty Yard","Bylaw Enforcement","E-Mail","MAY 25, 2020 10:36:30 AM","9##","BRUCE","WARD 3"," "
